Image Name,Topic,Ticker,Date,Timeframe,Concept,Market,Data Source
001.png,SMC,GOOG,2010-10-14,Daily,Fair Value Gap (bull),Alphabet Inc. — NASDAQ,"backtesting.py bundled dataset (Yahoo Finance daily OHLCV, unadjusted)"
002.png,SMC,GOOG,2005-10-21,Daily,Fair Value Gap (bull),Alphabet Inc. — NASDAQ,"backtesting.py bundled dataset (Yahoo Finance daily OHLCV, unadjusted)"
003.png,SMC,GOOG,2012-01-20,Daily,Fair Value Gap (bear),Alphabet Inc. — NASDAQ,"backtesting.py bundled dataset (Yahoo Finance daily OHLCV, unadjusted)"
004.png,SMC,EURUSD,2017-04-21 20:00,1 Hour,Fair Value Gap (bull),"Euro / U.S. Dollar — FX spot (broker feed, tick volume)","backtesting.py bundled dataset (1H OHLCV; timestamps UTC, verified via session volume)"
005.png,SMC,EURUSD,2017-06-27 08:00,1 Hour,Fair Value Gap (bull),"Euro / U.S. Dollar — FX spot (broker feed, tick volume)","backtesting.py bundled dataset (1H OHLCV; timestamps UTC, verified via session volume)"
006.png,SMC,EURUSD,2017-09-13 12:00,4 Hours,Fair Value Gap (bear),"Euro / U.S. Dollar — FX spot (broker feed, tick volume)","backtesting.py bundled dataset (1H OHLCV; timestamps UTC, verified via session volume)"
007.png,SMC,002032.SZ,2013-04-26,Daily,Fair Value Gap (bull),Zhejiang Supor — Shenzhen Stock Exchange,stockstats bundled dataset (daily OHLCV)
008.png,SMC,GOOG,2011-08-16,Daily,Inversion FVG (IFVG),Alphabet Inc. — NASDAQ,"backtesting.py bundled dataset (Yahoo Finance daily OHLCV, unadjusted)"
009.png,SMC,GOOG,2012-03-01,Daily,Inversion FVG (IFVG),Alphabet Inc. — NASDAQ,"backtesting.py bundled dataset (Yahoo Finance daily OHLCV, unadjusted)"
010.png,SMC,EURUSD,2017-06-15 07:00,1 Hour,Inversion FVG (IFVG),"Euro / U.S. Dollar — FX spot (broker feed, tick volume)","backtesting.py bundled dataset (1H OHLCV; timestamps UTC, verified via session volume)"
011.png,SMC,GOOG,2004-10-20,Daily,Order Block (bull),Alphabet Inc. — NASDAQ,"backtesting.py bundled dataset (Yahoo Finance daily OHLCV, unadjusted)"
012.png,SMC,GOOG,2010-10-13,Daily,Order Block (bull),Alphabet Inc. — NASDAQ,"backtesting.py bundled dataset (Yahoo Finance daily OHLCV, unadjusted)"
013.png,SMC,GOOG,2012-10-17,Daily,Order Block (bear),Alphabet Inc. — NASDAQ,"backtesting.py bundled dataset (Yahoo Finance daily OHLCV, unadjusted)"
014.png,SMC,EURUSD,2017-07-20 11:00,1 Hour,Order Block (bull),"Euro / U.S. Dollar — FX spot (broker feed, tick volume)","backtesting.py bundled dataset (1H OHLCV; timestamps UTC, verified via session volume)"
015.png,SMC,EURUSD,2017-07-17 23:00,1 Hour,Order Block (bull),"Euro / U.S. Dollar — FX spot (broker feed, tick volume)","backtesting.py bundled dataset (1H OHLCV; timestamps UTC, verified via session volume)"
016.png,SMC,EURUSD,2017-08-08 04:00,4 Hours,Order Block (bear),"Euro / U.S. Dollar — FX spot (broker feed, tick volume)","backtesting.py bundled dataset (1H OHLCV; timestamps UTC, verified via session volume)"
017.png,SMC,ASML.AS,2012-07-17,Daily,Order Block (bull),ASML Holding — Euronext Amsterdam,stockstats bundled dataset (Yahoo Finance daily OHLCV)
018.png,SMC,GOOG,2011-08-18,Daily,Breaker Block,Alphabet Inc. — NASDAQ,"backtesting.py bundled dataset (Yahoo Finance daily OHLCV, unadjusted)"
019.png,SMC,GOOG,2012-03-21,Daily,Breaker Block,Alphabet Inc. — NASDAQ,"backtesting.py bundled dataset (Yahoo Finance daily OHLCV, unadjusted)"
020.png,SMC,EURUSD,2018-01-11 08:00,1 Hour,Breaker Block,"Euro / U.S. Dollar — FX spot (broker feed, tick volume)","backtesting.py bundled dataset (1H OHLCV; timestamps UTC, verified via session volume)"
021.png,SMC,GOOG,2012-02-29,Daily,Mitigation Block,Alphabet Inc. — NASDAQ,"backtesting.py bundled dataset (Yahoo Finance daily OHLCV, unadjusted)"
022.png,SMC,EURUSD,2017-09-22 04:00,4 Hours,Mitigation Block,"Euro / U.S. Dollar — FX spot (broker feed, tick volume)","backtesting.py bundled dataset (1H OHLCV; timestamps UTC, verified via session volume)"
023.png,SMC,GOOG,2004-11-03,Daily,Break of Structure (BOS) — bull,Alphabet Inc. — NASDAQ,"backtesting.py bundled dataset (Yahoo Finance daily OHLCV, unadjusted)"
024.png,SMC,GOOG,2005-12-19,Daily,Break of Structure (BOS) — bull,Alphabet Inc. — NASDAQ,"backtesting.py bundled dataset (Yahoo Finance daily OHLCV, unadjusted)"
025.png,SMC,GOOG,2008-10-16,Daily,Break of Structure (BOS) — bear,Alphabet Inc. — NASDAQ,"backtesting.py bundled dataset (Yahoo Finance daily OHLCV, unadjusted)"
026.png,SMC,EURUSD,2017-09-08 05:00,1 Hour,Break of Structure (BOS) — bull,"Euro / U.S. Dollar — FX spot (broker feed, tick volume)","backtesting.py bundled dataset (1H OHLCV; timestamps UTC, verified via session volume)"
027.png,SMC,EURUSD,2017-10-27 12:00,4 Hours,Break of Structure (BOS) — bear,"Euro / U.S. Dollar — FX spot (broker feed, tick volume)","backtesting.py bundled dataset (1H OHLCV; timestamps UTC, verified via session volume)"
028.png,SMC,002032.SZ,2006-06-05,Daily,Break of Structure (BOS) — bull,Zhejiang Supor — Shenzhen Stock Exchange,stockstats bundled dataset (daily OHLCV)
029.png,SMC,GOOG,2008-02-05,Daily,Change of Character (CHoCH) — bear,Alphabet Inc. — NASDAQ,"backtesting.py bundled dataset (Yahoo Finance daily OHLCV, unadjusted)"
030.png,SMC,GOOG,2011-03-16,Daily,Change of Character (CHoCH) — bear,Alphabet Inc. — NASDAQ,"backtesting.py bundled dataset (Yahoo Finance daily OHLCV, unadjusted)"
031.png,SMC,GOOG,2007-11-07,Daily,Change of Character (CHoCH) — bull,Alphabet Inc. — NASDAQ,"backtesting.py bundled dataset (Yahoo Finance daily OHLCV, unadjusted)"
032.png,SMC,EURUSD,2017-05-15 13:00,1 Hour,Change of Character (CHoCH) — bull,"Euro / U.S. Dollar — FX spot (broker feed, tick volume)","backtesting.py bundled dataset (1H OHLCV; timestamps UTC, verified via session volume)"
033.png,SMC,EURUSD,2017-09-27 12:00,4 Hours,Change of Character (CHoCH) — bear,"Euro / U.S. Dollar — FX spot (broker feed, tick volume)","backtesting.py bundled dataset (1H OHLCV; timestamps UTC, verified via session volume)"
034.png,SMC,ASML.AS,2010-04-07,Daily,Change of Character (CHoCH) — bull,ASML Holding — Euronext Amsterdam,stockstats bundled dataset (Yahoo Finance daily OHLCV)
035.png,SMC,GOOG,2005-10-19,Daily,Liquidity Sweep (sell-side),Alphabet Inc. — NASDAQ,"backtesting.py bundled dataset (Yahoo Finance daily OHLCV, unadjusted)"
036.png,SMC,GOOG,2013-01-22,Daily,Liquidity Sweep (sell-side),Alphabet Inc. — NASDAQ,"backtesting.py bundled dataset (Yahoo Finance daily OHLCV, unadjusted)"
037.png,SMC,GOOG,2012-04-13,Daily,Liquidity Sweep (buy-side),Alphabet Inc. — NASDAQ,"backtesting.py bundled dataset (Yahoo Finance daily OHLCV, unadjusted)"
038.png,SMC,EURUSD,2017-08-25 13:00,1 Hour,Liquidity Sweep (sell-side),"Euro / U.S. Dollar — FX spot (broker feed, tick volume)","backtesting.py bundled dataset (1H OHLCV; timestamps UTC, verified via session volume)"
039.png,SMC,EURUSD,2017-05-04 06:00,1 Hour,Liquidity Sweep (sell-side),"Euro / U.S. Dollar — FX spot (broker feed, tick volume)","backtesting.py bundled dataset (1H OHLCV; timestamps UTC, verified via session volume)"
040.png,SMC,EURUSD,2017-06-08 08:00,4 Hours,Liquidity Sweep (buy-side),"Euro / U.S. Dollar — FX spot (broker feed, tick volume)","backtesting.py bundled dataset (1H OHLCV; timestamps UTC, verified via session volume)"
041.png,SMC,EURUSD,2017-06-07 07:00,1 Hour,Liquidity Grab / Stop Hunt,"Euro / U.S. Dollar — FX spot (broker feed, tick volume)","backtesting.py bundled dataset (1H OHLCV; timestamps UTC, verified via session volume)"
042.png,SMC,002032.SZ,2007-12-20,Daily,Liquidity Grab / Stop Hunt,Zhejiang Supor — Shenzhen Stock Exchange,stockstats bundled dataset (daily OHLCV)
043.png,SMC,GOOG,2007-01-16,Daily,Equal Highs (buy-side liquidity),Alphabet Inc. — NASDAQ,"backtesting.py bundled dataset (Yahoo Finance daily OHLCV, unadjusted)"
044.png,SMC,EURUSD,2017-09-19 18:00,1 Hour,Equal Highs (buy-side liquidity),"Euro / U.S. Dollar — FX spot (broker feed, tick volume)","backtesting.py bundled dataset (1H OHLCV; timestamps UTC, verified via session volume)"
045.png,SMC,EURUSD,2017-06-06 16:00,4 Hours,Equal Highs (buy-side liquidity),"Euro / U.S. Dollar — FX spot (broker feed, tick volume)","backtesting.py bundled dataset (1H OHLCV; timestamps UTC, verified via session volume)"
046.png,SMC,GOOG,2007-07-26,Daily,Equal Lows (sell-side liquidity),Alphabet Inc. — NASDAQ,"backtesting.py bundled dataset (Yahoo Finance daily OHLCV, unadjusted)"
047.png,SMC,EURUSD,2017-11-02 08:00,1 Hour,Equal Lows (sell-side liquidity),"Euro / U.S. Dollar — FX spot (broker feed, tick volume)","backtesting.py bundled dataset (1H OHLCV; timestamps UTC, verified via session volume)"
048.png,SMC,ASML.AS,2012-04-11,Daily,Equal Lows (sell-side liquidity),ASML Holding — Euronext Amsterdam,stockstats bundled dataset (Yahoo Finance daily OHLCV)
049.png,SMC,GOOG,2006-10-26,Daily,Premium & Discount,Alphabet Inc. — NASDAQ,"backtesting.py bundled dataset (Yahoo Finance daily OHLCV, unadjusted)"
050.png,SMC,EURUSD,2018-01-02 08:00,4 Hours,Premium & Discount,"Euro / U.S. Dollar — FX spot (broker feed, tick volume)","backtesting.py bundled dataset (1H OHLCV; timestamps UTC, verified via session volume)"
051.png,SMC,002032.SZ,2015-04-23,Daily,Premium & Discount,Zhejiang Supor — Shenzhen Stock Exchange,stockstats bundled dataset (daily OHLCV)
052.png,SMC,GOOG,2012-10-18,Daily,Displacement,Alphabet Inc. — NASDAQ,"backtesting.py bundled dataset (Yahoo Finance daily OHLCV, unadjusted)"
053.png,SMC,EURUSD,2018-01-10 10:00,1 Hour,Displacement,"Euro / U.S. Dollar — FX spot (broker feed, tick volume)","backtesting.py bundled dataset (1H OHLCV; timestamps UTC, verified via session volume)"
054.png,SMC,EURUSD,2017-10-06 12:00,1 Hour,Inducement,"Euro / U.S. Dollar — FX spot (broker feed, tick volume)","backtesting.py bundled dataset (1H OHLCV; timestamps UTC, verified via session volume)"
055.png,SMC,GOOG,2007-07-19,Daily,Inducement,Alphabet Inc. — NASDAQ,"backtesting.py bundled dataset (Yahoo Finance daily OHLCV, unadjusted)"
056.png,SMC,GOOG,2010-03-24,Daily,Optimal Trade Entry (OTE),Alphabet Inc. — NASDAQ,"backtesting.py bundled dataset (Yahoo Finance daily OHLCV, unadjusted)"
057.png,SMC,EURUSD,2017-12-14 22:00,1 Hour,Optimal Trade Entry (OTE),"Euro / U.S. Dollar — FX spot (broker feed, tick volume)","backtesting.py bundled dataset (1H OHLCV; timestamps UTC, verified via session volume)"
058.png,SMC,EURUSD,2017-11-21 08:00,4 Hours,Optimal Trade Entry (OTE),"Euro / U.S. Dollar — FX spot (broker feed, tick volume)","backtesting.py bundled dataset (1H OHLCV; timestamps UTC, verified via session volume)"
059.png,SMC,GOOG,2005-05-27,Weekly,Fair Value Gap (bull),Alphabet Inc. — NASDAQ,"backtesting.py bundled dataset (Yahoo Finance daily OHLCV, unadjusted)"
060.png,SMC,GOOG,2012-10-19,Weekly,Fair Value Gap (bear),Alphabet Inc. — NASDAQ,"backtesting.py bundled dataset (Yahoo Finance daily OHLCV, unadjusted)"
061.png,SMC,GOOG,2011-10-14,Weekly,Fair Value Gap (bull),Alphabet Inc. — NASDAQ,"backtesting.py bundled dataset (Yahoo Finance daily OHLCV, unadjusted)"
062.png,SMC,GOOG,2010-01-08,Weekly,CHOCH — bull,Alphabet Inc. — NASDAQ,"backtesting.py bundled dataset (Yahoo Finance daily OHLCV, unadjusted)"
063.png,SMC,GOOG,2005-07-22,Weekly,BOS — bull,Alphabet Inc. — NASDAQ,"backtesting.py bundled dataset (Yahoo Finance daily OHLCV, unadjusted)"
064.png,SMC,GOOG,2007-11-09,Weekly,BOS — bull,Alphabet Inc. — NASDAQ,"backtesting.py bundled dataset (Yahoo Finance daily OHLCV, unadjusted)"
065.png,SMC,GOOG,2011-10-07,Weekly,Liquidity Sweep,Alphabet Inc. — NASDAQ,"backtesting.py bundled dataset (Yahoo Finance daily OHLCV, unadjusted)"
066.png,SMC,GOOG,2012-07-13,Weekly,Liquidity Sweep,Alphabet Inc. — NASDAQ,"backtesting.py bundled dataset (Yahoo Finance daily OHLCV, unadjusted)"
067.png,SMC,GOOG,2010-09-24,Weekly,Liquidity Sweep,Alphabet Inc. — NASDAQ,"backtesting.py bundled dataset (Yahoo Finance daily OHLCV, unadjusted)"
068.png,SMC,GOOG,2005-10-14,Weekly,Order Block (bull),Alphabet Inc. — NASDAQ,"backtesting.py bundled dataset (Yahoo Finance daily OHLCV, unadjusted)"
069.png,SMC,GOOG,2012-10-05,Weekly,Order Block (bear),Alphabet Inc. — NASDAQ,"backtesting.py bundled dataset (Yahoo Finance daily OHLCV, unadjusted)"
070.png,SMC,GOOG,2009-10-02,Weekly,Order Block (bull),Alphabet Inc. — NASDAQ,"backtesting.py bundled dataset (Yahoo Finance daily OHLCV, unadjusted)"
071.png,SMC,EURUSD,2017-08-16 16:00,4 Hours,Fair Value Gap (bull),"Euro / U.S. Dollar — FX spot (broker feed, tick volume)","backtesting.py bundled dataset (1H OHLCV; timestamps UTC, verified via session volume)"
072.png,SMC,EURUSD,2017-05-29 20:00,4 Hours,Fair Value Gap (bear),"Euro / U.S. Dollar — FX spot (broker feed, tick volume)","backtesting.py bundled dataset (1H OHLCV; timestamps UTC, verified via session volume)"
073.png,SMC,EURUSD,2017-11-19 20:00,4 Hours,Fair Value Gap (bear),"Euro / U.S. Dollar — FX spot (broker feed, tick volume)","backtesting.py bundled dataset (1H OHLCV; timestamps UTC, verified via session volume)"
074.png,SMC,EURUSD,2017-06-29 16:00,4 Hours,CHOCH — bull,"Euro / U.S. Dollar — FX spot (broker feed, tick volume)","backtesting.py bundled dataset (1H OHLCV; timestamps UTC, verified via session volume)"
075.png,ICT,EURUSD,2018-01-12 12:00,1 Hour,London Kill Zone,"Euro / U.S. Dollar — FX spot (broker feed, tick volume)","backtesting.py bundled dataset (1H OHLCV; timestamps UTC, verified via session volume)"
076.png,ICT,EURUSD,2018-01-25 12:00,1 Hour,New York Kill Zone,"Euro / U.S. Dollar — FX spot (broker feed, tick volume)","backtesting.py bundled dataset (1H OHLCV; timestamps UTC, verified via session volume)"
077.png,ICT,EURUSD,2018-01-17 12:00,1 Hour,London Kill Zone — continuation,"Euro / U.S. Dollar — FX spot (broker feed, tick volume)","backtesting.py bundled dataset (1H OHLCV; timestamps UTC, verified via session volume)"
078.png,ICT,EURUSD,2017-11-14 12:00,1 Hour,New York Kill Zone — reversal,"Euro / U.S. Dollar — FX spot (broker feed, tick volume)","backtesting.py bundled dataset (1H OHLCV; timestamps UTC, verified via session volume)"
079.png,ICT,EURUSD,2017-07-26 12:00,1 Hour,Asia Range → London expansion,"Euro / U.S. Dollar — FX spot (broker feed, tick volume)","backtesting.py bundled dataset (1H OHLCV; timestamps UTC, verified via session volume)"
080.png,ICT,EURUSD,2018-02-01 12:00,1 Hour,Session Liquidity map,"Euro / U.S. Dollar — FX spot (broker feed, tick volume)","backtesting.py bundled dataset (1H OHLCV; timestamps UTC, verified via session volume)"
081.png,ICT,EURUSD,2018-02-05 09:00,1 Hour,Judas Swing,"Euro / U.S. Dollar — FX spot (broker feed, tick volume)","backtesting.py bundled dataset (1H OHLCV; timestamps UTC, verified via session volume)"
082.png,ICT,EURUSD,2017-07-31 07:00,1 Hour,Judas Swing,"Euro / U.S. Dollar — FX spot (broker feed, tick volume)","backtesting.py bundled dataset (1H OHLCV; timestamps UTC, verified via session volume)"
083.png,ICT,EURUSD,2017-07-11 07:00,1 Hour,Judas Swing,"Euro / U.S. Dollar — FX spot (broker feed, tick volume)","backtesting.py bundled dataset (1H OHLCV; timestamps UTC, verified via session volume)"
084.png,ICT,EURUSD,2017-05-23 07:00,1 Hour,Judas Swing,"Euro / U.S. Dollar — FX spot (broker feed, tick volume)","backtesting.py bundled dataset (1H OHLCV; timestamps UTC, verified via session volume)"
085.png,ICT,EURUSD,2017-08-17 12:00,1 Hour,Power of Three (AMD),"Euro / U.S. Dollar — FX spot (broker feed, tick volume)","backtesting.py bundled dataset (1H OHLCV; timestamps UTC, verified via session volume)"
086.png,ICT,EURUSD,2017-07-27 12:00,1 Hour,Power of Three (AMD),"Euro / U.S. Dollar — FX spot (broker feed, tick volume)","backtesting.py bundled dataset (1H OHLCV; timestamps UTC, verified via session volume)"
087.png,ICT,EURUSD,2017-05-16 12:00,1 Hour,Power of Three (AMD),"Euro / U.S. Dollar — FX spot (broker feed, tick volume)","backtesting.py bundled dataset (1H OHLCV; timestamps UTC, verified via session volume)"
088.png,ICT,EURUSD,2017-08-31 12:00,1 Hour,Daily Bias — previous day low run,"Euro / U.S. Dollar — FX spot (broker feed, tick volume)","backtesting.py bundled dataset (1H OHLCV; timestamps UTC, verified via session volume)"
089.png,ICT,EURUSD,2017-11-15 13:00,1 Hour,Daily Bias — previous day high run,"Euro / U.S. Dollar — FX spot (broker feed, tick volume)","backtesting.py bundled dataset (1H OHLCV; timestamps UTC, verified via session volume)"
090.png,ICT,EURUSD,2018-02-06 15:00,1 Hour,Daily Bias — previous day low run,"Euro / U.S. Dollar — FX spot (broker feed, tick volume)","backtesting.py bundled dataset (1H OHLCV; timestamps UTC, verified via session volume)"
091.png,ICT,EURUSD,2017-09-14 12:00,1 Hour,Daily Bias — previous day low run,"Euro / U.S. Dollar — FX spot (broker feed, tick volume)","backtesting.py bundled dataset (1H OHLCV; timestamps UTC, verified via session volume)"
092.png,ICT,EURUSD,2017-12-26 08:00,1 Hour,Draw on Liquidity (DOL),"Euro / U.S. Dollar — FX spot (broker feed, tick volume)","backtesting.py bundled dataset (1H OHLCV; timestamps UTC, verified via session volume)"
093.png,ICT,EURUSD,2017-11-10 09:00,1 Hour,Draw on Liquidity (DOL),"Euro / U.S. Dollar — FX spot (broker feed, tick volume)","backtesting.py bundled dataset (1H OHLCV; timestamps UTC, verified via session volume)"
094.png,ICT,EURUSD,2017-09-05 14:00,1 Hour,Draw on Liquidity (DOL),"Euro / U.S. Dollar — FX spot (broker feed, tick volume)","backtesting.py bundled dataset (1H OHLCV; timestamps UTC, verified via session volume)"
095.png,ICT,EURUSD,2017-11-01 23:00,1 Hour,Market Maker Buy Model,"Euro / U.S. Dollar — FX spot (broker feed, tick volume)","backtesting.py bundled dataset (1H OHLCV; timestamps UTC, verified via session volume)"
096.png,ICT,EURUSD,2017-12-20 12:00,1 Hour,Market Maker Buy Model,"Euro / U.S. Dollar — FX spot (broker feed, tick volume)","backtesting.py bundled dataset (1H OHLCV; timestamps UTC, verified via session volume)"
097.png,ICT,EURUSD,2017-08-28 15:00,1 Hour,Silver Bullet (NY AM),"Euro / U.S. Dollar — FX spot (broker feed, tick volume)","backtesting.py bundled dataset (1H OHLCV; timestamps UTC, verified via session volume)"
098.png,ICT,EURUSD,2017-11-24 15:00,1 Hour,Silver Bullet (NY AM),"Euro / U.S. Dollar — FX spot (broker feed, tick volume)","backtesting.py bundled dataset (1H OHLCV; timestamps UTC, verified via session volume)"
099.png,Price Action,GOOG,2010-05-06,Daily,Pin Bar (bull),Alphabet Inc. — NASDAQ,"backtesting.py bundled dataset (Yahoo Finance daily OHLCV, unadjusted)"
100.png,Price Action,GOOG,2005-05-24,Daily,Pin Bar (bear),Alphabet Inc. — NASDAQ,"backtesting.py bundled dataset (Yahoo Finance daily OHLCV, unadjusted)"
101.png,Price Action,EURUSD,2017-10-15 21:00,1 Hour,Pin Bar (bear),"Euro / U.S. Dollar — FX spot (broker feed, tick volume)","backtesting.py bundled dataset (1H OHLCV; timestamps UTC, verified via session volume)"
102.png,Price Action,EURUSD,2017-06-28 12:00,4 Hours,Pin Bar (bull),"Euro / U.S. Dollar — FX spot (broker feed, tick volume)","backtesting.py bundled dataset (1H OHLCV; timestamps UTC, verified via session volume)"
103.png,Price Action,002032.SZ,2005-01-21,Daily,Pin Bar (bull),Zhejiang Supor — Shenzhen Stock Exchange,stockstats bundled dataset (daily OHLCV)
104.png,Price Action,GOOG,2005-09-07,Daily,Engulfing (bull),Alphabet Inc. — NASDAQ,"backtesting.py bundled dataset (Yahoo Finance daily OHLCV, unadjusted)"
105.png,Price Action,GOOG,2011-05-17,Daily,Engulfing (bull),Alphabet Inc. — NASDAQ,"backtesting.py bundled dataset (Yahoo Finance daily OHLCV, unadjusted)"
106.png,Price Action,GOOG,2007-02-01,Daily,Engulfing (bear),Alphabet Inc. — NASDAQ,"backtesting.py bundled dataset (Yahoo Finance daily OHLCV, unadjusted)"
107.png,Price Action,EURUSD,2017-08-11 12:00,1 Hour,Engulfing (bull),"Euro / U.S. Dollar — FX spot (broker feed, tick volume)","backtesting.py bundled dataset (1H OHLCV; timestamps UTC, verified via session volume)"
108.png,Price Action,EURUSD,2017-05-07 20:00,4 Hours,Engulfing (bear),"Euro / U.S. Dollar — FX spot (broker feed, tick volume)","backtesting.py bundled dataset (1H OHLCV; timestamps UTC, verified via session volume)"
109.png,Price Action,ASML.AS,2012-07-18,Daily,Engulfing (bull),ASML Holding — Euronext Amsterdam,stockstats bundled dataset (Yahoo Finance daily OHLCV)
110.png,Price Action,GOOG,2010-05-07,Daily,Inside Bar,Alphabet Inc. — NASDAQ,"backtesting.py bundled dataset (Yahoo Finance daily OHLCV, unadjusted)"
111.png,Price Action,GOOG,2012-05-21,Daily,Inside Bar,Alphabet Inc. — NASDAQ,"backtesting.py bundled dataset (Yahoo Finance daily OHLCV, unadjusted)"
112.png,Price Action,EURUSD,2017-08-15 08:00,4 Hours,Inside Bar,"Euro / U.S. Dollar — FX spot (broker feed, tick volume)","backtesting.py bundled dataset (1H OHLCV; timestamps UTC, verified via session volume)"
113.png,Price Action,GOOG,2006-02-28,Daily,Outside Bar,Alphabet Inc. — NASDAQ,"backtesting.py bundled dataset (Yahoo Finance daily OHLCV, unadjusted)"
114.png,Price Action,EURUSD,2017-10-13 12:00,1 Hour,Outside Bar,"Euro / U.S. Dollar — FX spot (broker feed, tick volume)","backtesting.py bundled dataset (1H OHLCV; timestamps UTC, verified via session volume)"
115.png,Price Action,GOOG,2012-09-21,Daily,Uptrend Channel,Alphabet Inc. — NASDAQ,"backtesting.py bundled dataset (Yahoo Finance daily OHLCV, unadjusted)"
116.png,Price Action,GOOG,2005-07-01,Daily,Uptrend Channel,Alphabet Inc. — NASDAQ,"backtesting.py bundled dataset (Yahoo Finance daily OHLCV, unadjusted)"
117.png,Price Action,GOOG,2009-12-25,Weekly,Weekly Trend,Alphabet Inc. — NASDAQ,"backtesting.py bundled dataset (Yahoo Finance daily OHLCV, unadjusted)"
118.png,Price Action,EURUSD,2017-05-25 00:00,4 Hours,Uptrend Channel,"Euro / U.S. Dollar — FX spot (broker feed, tick volume)","backtesting.py bundled dataset (1H OHLCV; timestamps UTC, verified via session volume)"
119.png,Price Action,GOOG,2008-03-17,Daily,Downtrend Channel,Alphabet Inc. — NASDAQ,"backtesting.py bundled dataset (Yahoo Finance daily OHLCV, unadjusted)"
120.png,Price Action,002032.SZ,2009-11-17,Daily,Uptrend Channel,Zhejiang Supor — Shenzhen Stock Exchange,stockstats bundled dataset (daily OHLCV)
121.png,Price Action,EURUSD,2018-01-09 19:00,1 Hour,Downtrend Channel,"Euro / U.S. Dollar — FX spot (broker feed, tick volume)","backtesting.py bundled dataset (1H OHLCV; timestamps UTC, verified via session volume)"
122.png,Price Action,ASML.AS,2011-11-11,Daily,Trendline Respect,ASML Holding — Euronext Amsterdam,stockstats bundled dataset (Yahoo Finance daily OHLCV)
123.png,Price Action,GOOG,2008-01-17,Daily,Breakout (bear),Alphabet Inc. — NASDAQ,"backtesting.py bundled dataset (Yahoo Finance daily OHLCV, unadjusted)"
124.png,Price Action,GOOG,2009-01-29,Daily,Breakout (bull),Alphabet Inc. — NASDAQ,"backtesting.py bundled dataset (Yahoo Finance daily OHLCV, unadjusted)"
125.png,Price Action,GOOG,2008-01-10,Daily,Break & Retest,Alphabet Inc. — NASDAQ,"backtesting.py bundled dataset (Yahoo Finance daily OHLCV, unadjusted)"
126.png,Price Action,GOOG,2006-04-21,Daily,Fakeout (failed break),Alphabet Inc. — NASDAQ,"backtesting.py bundled dataset (Yahoo Finance daily OHLCV, unadjusted)"
127.png,Price Action,GOOG,2005-08-03,Daily,Resistance Level,Alphabet Inc. — NASDAQ,"backtesting.py bundled dataset (Yahoo Finance daily OHLCV, unadjusted)"
128.png,Price Action,GOOG,2007-01-23,Daily,Support Level,Alphabet Inc. — NASDAQ,"backtesting.py bundled dataset (Yahoo Finance daily OHLCV, unadjusted)"
129.png,Price Action,EURUSD,2018-01-23 23:00,1 Hour,Breakout (bull),"Euro / U.S. Dollar — FX spot (broker feed, tick volume)","backtesting.py bundled dataset (1H OHLCV; timestamps UTC, verified via session volume)"
130.png,Price Action,EURUSD,2018-02-02 13:00,1 Hour,Break & Retest,"Euro / U.S. Dollar — FX spot (broker feed, tick volume)","backtesting.py bundled dataset (1H OHLCV; timestamps UTC, verified via session volume)"
131.png,Price Action,EURUSD,2017-10-12 04:00,1 Hour,Fakeout (failed break),"Euro / U.S. Dollar — FX spot (broker feed, tick volume)","backtesting.py bundled dataset (1H OHLCV; timestamps UTC, verified via session volume)"
132.png,Price Action,EURUSD,2017-12-05 07:00,1 Hour,Resistance Level,"Euro / U.S. Dollar — FX spot (broker feed, tick volume)","backtesting.py bundled dataset (1H OHLCV; timestamps UTC, verified via session volume)"
133.png,Price Action,002032.SZ,2011-09-23,Daily,Breakout (bear),Zhejiang Supor — Shenzhen Stock Exchange,stockstats bundled dataset (daily OHLCV)
134.png,Price Action,002032.SZ,2013-09-02,Daily,Break & Retest,Zhejiang Supor — Shenzhen Stock Exchange,stockstats bundled dataset (daily OHLCV)
135.png,Price Action,002032.SZ,2005-06-02,Daily,Fakeout (failed break),Zhejiang Supor — Shenzhen Stock Exchange,stockstats bundled dataset (daily OHLCV)
136.png,Price Action,002032.SZ,2005-11-30,Daily,Resistance Level,Zhejiang Supor — Shenzhen Stock Exchange,stockstats bundled dataset (daily OHLCV)
137.png,Price Action,GOOG,2007-05-24,Daily,Compression → Expansion,Alphabet Inc. — NASDAQ,"backtesting.py bundled dataset (Yahoo Finance daily OHLCV, unadjusted)"
138.png,Price Action,EURUSD,2017-10-25 12:00,4 Hours,Compression → Expansion,"Euro / U.S. Dollar — FX spot (broker feed, tick volume)","backtesting.py bundled dataset (1H OHLCV; timestamps UTC, verified via session volume)"
139.png,Price Action,GOOG,2011-07-01,Weekly,Engulfing (bull),Alphabet Inc. — NASDAQ,"backtesting.py bundled dataset (Yahoo Finance daily OHLCV, unadjusted)"
140.png,Price Action,GOOG,2007-03-02,Weekly,Engulfing (bear),Alphabet Inc. — NASDAQ,"backtesting.py bundled dataset (Yahoo Finance daily OHLCV, unadjusted)"
141.png,Price Action,GOOG,2007-11-23,Weekly,Engulfing (bull),Alphabet Inc. — NASDAQ,"backtesting.py bundled dataset (Yahoo Finance daily OHLCV, unadjusted)"
142.png,Price Action,GOOG,2012-05-18,Weekly,Pin Bar (bear),Alphabet Inc. — NASDAQ,"backtesting.py bundled dataset (Yahoo Finance daily OHLCV, unadjusted)"
143.png,Price Action,GOOG,2006-03-03,Weekly,Pin Bar (bull),Alphabet Inc. — NASDAQ,"backtesting.py bundled dataset (Yahoo Finance daily OHLCV, unadjusted)"
144.png,Price Action,GOOG,2005-06-10,Weekly,Pin Bar (bear),Alphabet Inc. — NASDAQ,"backtesting.py bundled dataset (Yahoo Finance daily OHLCV, unadjusted)"
145.png,Price Action,EURUSD,2017-11-30 12:00,4 Hours,Engulfing (bull),"Euro / U.S. Dollar — FX spot (broker feed, tick volume)","backtesting.py bundled dataset (1H OHLCV; timestamps UTC, verified via session volume)"
146.png,Price Action,EURUSD,2017-07-05 08:00,4 Hours,Engulfing (bear),"Euro / U.S. Dollar — FX spot (broker feed, tick volume)","backtesting.py bundled dataset (1H OHLCV; timestamps UTC, verified via session volume)"
147.png,Price Action,EURUSD,2017-10-03 04:00,4 Hours,Engulfing (bull),"Euro / U.S. Dollar — FX spot (broker feed, tick volume)","backtesting.py bundled dataset (1H OHLCV; timestamps UTC, verified via session volume)"
148.png,Price Action,EURUSD,2017-07-25 12:00,4 Hours,Pin Bar (bear),"Euro / U.S. Dollar — FX spot (broker feed, tick volume)","backtesting.py bundled dataset (1H OHLCV; timestamps UTC, verified via session volume)"
149.png,Price Action,EURUSD,2017-08-09 12:00,4 Hours,Pin Bar (bull),"Euro / U.S. Dollar — FX spot (broker feed, tick volume)","backtesting.py bundled dataset (1H OHLCV; timestamps UTC, verified via session volume)"
150.png,Price Action,EURUSD,2017-07-13 08:00,4 Hours,Pin Bar (bull),"Euro / U.S. Dollar — FX spot (broker feed, tick volume)","backtesting.py bundled dataset (1H OHLCV; timestamps UTC, verified via session volume)"
151.png,Price Action,002032.SZ,2006-04-10,Daily,Engulfing (bull),Zhejiang Supor — Shenzhen Stock Exchange,stockstats bundled dataset (daily OHLCV)
152.png,Price Action,002032.SZ,2014-09-01,Daily,Engulfing (bull),Zhejiang Supor — Shenzhen Stock Exchange,stockstats bundled dataset (daily OHLCV)
153.png,Price Action,002032.SZ,2011-08-11,Daily,Engulfing (bull),Zhejiang Supor — Shenzhen Stock Exchange,stockstats bundled dataset (daily OHLCV)
154.png,Technical Analysis,GOOG,2012-05-25,Daily,Head & Shoulders,Alphabet Inc. — NASDAQ,"backtesting.py bundled dataset (Yahoo Finance daily OHLCV, unadjusted)"
155.png,Technical Analysis,GOOG,2012-07-11,Daily,Head & Shoulders,Alphabet Inc. — NASDAQ,"backtesting.py bundled dataset (Yahoo Finance daily OHLCV, unadjusted)"
156.png,Technical Analysis,002032.SZ,2011-09-22,Daily,Head & Shoulders,Zhejiang Supor — Shenzhen Stock Exchange,stockstats bundled dataset (daily OHLCV)
157.png,Technical Analysis,GOOG,2009-04-02,Daily,Inverse Head & Shoulders,Alphabet Inc. — NASDAQ,"backtesting.py bundled dataset (Yahoo Finance daily OHLCV, unadjusted)"
158.png,Technical Analysis,GOOG,2007-04-18,Daily,Inverse Head & Shoulders,Alphabet Inc. — NASDAQ,"backtesting.py bundled dataset (Yahoo Finance daily OHLCV, unadjusted)"
159.png,Technical Analysis,EURUSD,2017-10-19 08:00,4 Hours,Inverse Head & Shoulders,"Euro / U.S. Dollar — FX spot (broker feed, tick volume)","backtesting.py bundled dataset (1H OHLCV; timestamps UTC, verified via session volume)"
160.png,Technical Analysis,GOOG,2007-02-27,Daily,Double Top,Alphabet Inc. — NASDAQ,"backtesting.py bundled dataset (Yahoo Finance daily OHLCV, unadjusted)"
161.png,Technical Analysis,EURUSD,2017-06-20 12:00,4 Hours,Double Top,"Euro / U.S. Dollar — FX spot (broker feed, tick volume)","backtesting.py bundled dataset (1H OHLCV; timestamps UTC, verified via session volume)"
162.png,Technical Analysis,GOOG,2012-07-20,Daily,Double Bottom,Alphabet Inc. — NASDAQ,"backtesting.py bundled dataset (Yahoo Finance daily OHLCV, unadjusted)"
163.png,Technical Analysis,GOOG,2007-05-30,Daily,Double Bottom,Alphabet Inc. — NASDAQ,"backtesting.py bundled dataset (Yahoo Finance daily OHLCV, unadjusted)"
164.png,Technical Analysis,EURUSD,2017-04-23 21:00,1 Hour,Double Bottom,"Euro / U.S. Dollar — FX spot (broker feed, tick volume)","backtesting.py bundled dataset (1H OHLCV; timestamps UTC, verified via session volume)"
165.png,Technical Analysis,002032.SZ,2009-09-17,Daily,Double Bottom,Zhejiang Supor — Shenzhen Stock Exchange,stockstats bundled dataset (daily OHLCV)
166.png,Technical Analysis,GOOG,2005-09-08,Daily,Triple Top,Alphabet Inc. — NASDAQ,"backtesting.py bundled dataset (Yahoo Finance daily OHLCV, unadjusted)"
167.png,Technical Analysis,EURUSD,2017-05-28 20:00,4 Hours,Triple Bottom,"Euro / U.S. Dollar — FX spot (broker feed, tick volume)","backtesting.py bundled dataset (1H OHLCV; timestamps UTC, verified via session volume)"
168.png,Technical Analysis,GOOG,2006-11-09,Daily,Bull Flag,Alphabet Inc. — NASDAQ,"backtesting.py bundled dataset (Yahoo Finance daily OHLCV, unadjusted)"
169.png,Technical Analysis,GOOG,2010-10-29,Daily,Bull Flag,Alphabet Inc. — NASDAQ,"backtesting.py bundled dataset (Yahoo Finance daily OHLCV, unadjusted)"
170.png,Technical Analysis,EURUSD,2017-07-21 02:00,1 Hour,Bull Flag,"Euro / U.S. Dollar — FX spot (broker feed, tick volume)","backtesting.py bundled dataset (1H OHLCV; timestamps UTC, verified via session volume)"
171.png,Technical Analysis,GOOG,2010-02-11,Daily,Bear Flag,Alphabet Inc. — NASDAQ,"backtesting.py bundled dataset (Yahoo Finance daily OHLCV, unadjusted)"
172.png,Technical Analysis,002032.SZ,2006-08-30,Daily,Bull Flag,Zhejiang Supor — Shenzhen Stock Exchange,stockstats bundled dataset (daily OHLCV)
173.png,Technical Analysis,GOOG,2010-06-24,Daily,Symmetrical Triangle,Alphabet Inc. — NASDAQ,"backtesting.py bundled dataset (Yahoo Finance daily OHLCV, unadjusted)"
174.png,Technical Analysis,GOOG,2010-03-17,Daily,Symmetrical Triangle,Alphabet Inc. — NASDAQ,"backtesting.py bundled dataset (Yahoo Finance daily OHLCV, unadjusted)"
175.png,Technical Analysis,EURUSD,2017-06-05 16:00,4 Hours,Ascending Triangle,"Euro / U.S. Dollar — FX spot (broker feed, tick volume)","backtesting.py bundled dataset (1H OHLCV; timestamps UTC, verified via session volume)"
176.png,Technical Analysis,EURUSD,2017-04-25 05:00,1 Hour,Ascending Triangle,"Euro / U.S. Dollar — FX spot (broker feed, tick volume)","backtesting.py bundled dataset (1H OHLCV; timestamps UTC, verified via session volume)"
177.png,Technical Analysis,GOOG,2012-11-20,Daily,Falling Wedge,Alphabet Inc. — NASDAQ,"backtesting.py bundled dataset (Yahoo Finance daily OHLCV, unadjusted)"
178.png,Technical Analysis,GOOG,2012-02-03,Daily,Falling Wedge,Alphabet Inc. — NASDAQ,"backtesting.py bundled dataset (Yahoo Finance daily OHLCV, unadjusted)"
179.png,Technical Analysis,002032.SZ,2008-04-23,Daily,Falling Wedge,Zhejiang Supor — Shenzhen Stock Exchange,stockstats bundled dataset (daily OHLCV)
180.png,Technical Analysis,GOOG,2006-01-25,Daily,Cup & Handle,Alphabet Inc. — NASDAQ,"backtesting.py bundled dataset (Yahoo Finance daily OHLCV, unadjusted)"
181.png,Technical Analysis,002032.SZ,2013-12-19,Daily,Cup & Handle,Zhejiang Supor — Shenzhen Stock Exchange,stockstats bundled dataset (daily OHLCV)
182.png,Technical Analysis,GOOG,2007-12-18,Daily,Rectangle Range,Alphabet Inc. — NASDAQ,"backtesting.py bundled dataset (Yahoo Finance daily OHLCV, unadjusted)"
183.png,Technical Analysis,EURUSD,2017-10-17 04:00,4 Hours,Rectangle Range,"Euro / U.S. Dollar — FX spot (broker feed, tick volume)","backtesting.py bundled dataset (1H OHLCV; timestamps UTC, verified via session volume)"
184.png,Technical Analysis,ASML.AS,2010-06-22,Daily,Rectangle Range,ASML Holding — Euronext Amsterdam,stockstats bundled dataset (Yahoo Finance daily OHLCV)
185.png,Technical Analysis,GOOG,2004-10-22,Daily,Breakaway Gap,Alphabet Inc. — NASDAQ,"backtesting.py bundled dataset (Yahoo Finance daily OHLCV, unadjusted)"
186.png,Technical Analysis,GOOG,2005-02-02,Daily,Runaway (Measuring) Gap,Alphabet Inc. — NASDAQ,"backtesting.py bundled dataset (Yahoo Finance daily OHLCV, unadjusted)"
187.png,Technical Analysis,GOOG,2005-04-22,Daily,Exhaustion Gap,Alphabet Inc. — NASDAQ,"backtesting.py bundled dataset (Yahoo Finance daily OHLCV, unadjusted)"
188.png,Indicators,GOOG,2004-10-18,Daily,RSI Overbought/Oversold,Alphabet Inc. — NASDAQ,"backtesting.py bundled dataset (Yahoo Finance daily OHLCV, unadjusted)"
189.png,Indicators,EURUSD,2017-05-17 00:00,4 Hours,RSI Overbought/Oversold,"Euro / U.S. Dollar — FX spot (broker feed, tick volume)","backtesting.py bundled dataset (1H OHLCV; timestamps UTC, verified via session volume)"
190.png,Indicators,002032.SZ,2006-05-08,Daily,RSI Overbought/Oversold,Zhejiang Supor — Shenzhen Stock Exchange,stockstats bundled dataset (daily OHLCV)
191.png,Indicators,GOOG,2011-05-23,Daily,RSI Bullish Divergence,Alphabet Inc. — NASDAQ,"backtesting.py bundled dataset (Yahoo Finance daily OHLCV, unadjusted)"
192.png,Indicators,GOOG,2005-01-19,Daily,RSI Bearish Divergence,Alphabet Inc. — NASDAQ,"backtesting.py bundled dataset (Yahoo Finance daily OHLCV, unadjusted)"
193.png,Indicators,EURUSD,2017-09-26 16:00,1 Hour,RSI Bullish Divergence,"Euro / U.S. Dollar — FX spot (broker feed, tick volume)","backtesting.py bundled dataset (1H OHLCV; timestamps UTC, verified via session volume)"
194.png,Indicators,EURUSD,2017-07-12 04:00,4 Hours,RSI Bearish Divergence,"Euro / U.S. Dollar — FX spot (broker feed, tick volume)","backtesting.py bundled dataset (1H OHLCV; timestamps UTC, verified via session volume)"
195.png,Indicators,ASML.AS,2011-07-13,Daily,RSI Bullish Divergence,ASML Holding — Euronext Amsterdam,stockstats bundled dataset (Yahoo Finance daily OHLCV)
196.png,Indicators,GOOG,2008-11-28,Daily,MACD Bullish Cross,Alphabet Inc. — NASDAQ,"backtesting.py bundled dataset (Yahoo Finance daily OHLCV, unadjusted)"
197.png,Indicators,GOOG,2004-11-05,Daily,MACD Bearish Cross,Alphabet Inc. — NASDAQ,"backtesting.py bundled dataset (Yahoo Finance daily OHLCV, unadjusted)"
198.png,Indicators,EURUSD,2017-05-22 12:00,4 Hours,MACD Bullish Cross,"Euro / U.S. Dollar — FX spot (broker feed, tick volume)","backtesting.py bundled dataset (1H OHLCV; timestamps UTC, verified via session volume)"
199.png,Indicators,002032.SZ,2006-06-08,Daily,MACD Bearish Cross,Zhejiang Supor — Shenzhen Stock Exchange,stockstats bundled dataset (daily OHLCV)
200.png,Indicators,GOOG,2006-10-16,Daily,Golden Cross (50/200),Alphabet Inc. — NASDAQ,"backtesting.py bundled dataset (Yahoo Finance daily OHLCV, unadjusted)"
201.png,Indicators,GOOG,2006-08-04,Daily,Death Cross (50/200),Alphabet Inc. — NASDAQ,"backtesting.py bundled dataset (Yahoo Finance daily OHLCV, unadjusted)"
202.png,Indicators,002032.SZ,2006-05-17,Daily,Golden Cross (50/200),Zhejiang Supor — Shenzhen Stock Exchange,stockstats bundled dataset (daily OHLCV)
203.png,Indicators,GOOG,2005-04-11,Daily,EMA Crossover (20/50),Alphabet Inc. — NASDAQ,"backtesting.py bundled dataset (Yahoo Finance daily OHLCV, unadjusted)"
204.png,Indicators,EURUSD,2017-09-24 20:00,4 Hours,EMA Crossover (20/50),"Euro / U.S. Dollar — FX spot (broker feed, tick volume)","backtesting.py bundled dataset (1H OHLCV; timestamps UTC, verified via session volume)"
205.png,Indicators,EURUSD,2017-05-26 08:00,1 Hour,EMA Crossover (20/50),"Euro / U.S. Dollar — FX spot (broker feed, tick volume)","backtesting.py bundled dataset (1H OHLCV; timestamps UTC, verified via session volume)"
206.png,Indicators,GOOG,2010-04-12,Daily,Bollinger Band Squeeze,Alphabet Inc. — NASDAQ,"backtesting.py bundled dataset (Yahoo Finance daily OHLCV, unadjusted)"
207.png,Indicators,EURUSD,2017-10-05 07:00,1 Hour,Bollinger Band Squeeze,"Euro / U.S. Dollar — FX spot (broker feed, tick volume)","backtesting.py bundled dataset (1H OHLCV; timestamps UTC, verified via session volume)"
208.png,Indicators,GOOG,2010-01-04,Daily,Bollinger Band Walk,Alphabet Inc. — NASDAQ,"backtesting.py bundled dataset (Yahoo Finance daily OHLCV, unadjusted)"
209.png,Indicators,002032.SZ,2006-05-22,Daily,Bollinger Band Walk,Zhejiang Supor — Shenzhen Stock Exchange,stockstats bundled dataset (daily OHLCV)
210.png,Indicators,EURUSD,2017-11-09 08:00,4 Hours,Bollinger Mean Reversion,"Euro / U.S. Dollar — FX spot (broker feed, tick volume)","backtesting.py bundled dataset (1H OHLCV; timestamps UTC, verified via session volume)"
211.png,Indicators,ASML.AS,2010-10-13,Daily,Bollinger Mean Reversion,ASML Holding — Euronext Amsterdam,stockstats bundled dataset (Yahoo Finance daily OHLCV)
212.png,Indicators,EURUSD,2017-05-12 11:00,1 Hour,VWAP Bounce (support),"Euro / U.S. Dollar — FX spot (broker feed, tick volume)","backtesting.py bundled dataset (1H OHLCV; timestamps UTC, verified via session volume)"
213.png,Indicators,EURUSD,2018-01-30 09:00,1 Hour,VWAP Bounce (support),"Euro / U.S. Dollar — FX spot (broker feed, tick volume)","backtesting.py bundled dataset (1H OHLCV; timestamps UTC, verified via session volume)"
214.png,Indicators,EURUSD,2017-12-12 12:00,1 Hour,VWAP Rejection (resistance),"Euro / U.S. Dollar — FX spot (broker feed, tick volume)","backtesting.py bundled dataset (1H OHLCV; timestamps UTC, verified via session volume)"
215.png,Indicators,EURUSD,2017-08-29 16:00,1 Hour,VWAP Rejection (resistance),"Euro / U.S. Dollar — FX spot (broker feed, tick volume)","backtesting.py bundled dataset (1H OHLCV; timestamps UTC, verified via session volume)"
216.png,Indicators,GOOG,2008-08-29,Daily,Ichimoku TK Cross (bear),Alphabet Inc. — NASDAQ,"backtesting.py bundled dataset (Yahoo Finance daily OHLCV, unadjusted)"
217.png,Indicators,GOOG,2009-03-23,Daily,Ichimoku TK Cross (bull),Alphabet Inc. — NASDAQ,"backtesting.py bundled dataset (Yahoo Finance daily OHLCV, unadjusted)"
218.png,Indicators,EURUSD,2017-09-25 08:00,4 Hours,Ichimoku TK Cross (bear),"Euro / U.S. Dollar — FX spot (broker feed, tick volume)","backtesting.py bundled dataset (1H OHLCV; timestamps UTC, verified via session volume)"
219.png,Indicators,GOOG,2004-10-13,Daily,Parabolic SAR Flip,Alphabet Inc. — NASDAQ,"backtesting.py bundled dataset (Yahoo Finance daily OHLCV, unadjusted)"
220.png,Indicators,EURUSD,2017-06-26 12:00,4 Hours,Parabolic SAR Flip,"Euro / U.S. Dollar — FX spot (broker feed, tick volume)","backtesting.py bundled dataset (1H OHLCV; timestamps UTC, verified via session volume)"
221.png,Indicators,EURUSD,2017-12-08 04:00,4 Hours,Stochastic Cross (oversold),"Euro / U.S. Dollar — FX spot (broker feed, tick volume)","backtesting.py bundled dataset (1H OHLCV; timestamps UTC, verified via session volume)"
222.png,Indicators,ASML.AS,2012-01-02,Daily,Stochastic Cross (overbought),ASML Holding — Euronext Amsterdam,stockstats bundled dataset (Yahoo Finance daily OHLCV)
223.png,Indicators,GOOG,2007-06-05,Daily,ADX Trend Confirmation,Alphabet Inc. — NASDAQ,"backtesting.py bundled dataset (Yahoo Finance daily OHLCV, unadjusted)"
224.png,Indicators,EURUSD,2017-12-29 04:00,4 Hours,ADX Trend Confirmation,"Euro / U.S. Dollar — FX spot (broker feed, tick volume)","backtesting.py bundled dataset (1H OHLCV; timestamps UTC, verified via session volume)"
225.png,Indicators,GOOG,2010-01-25,Daily,ATR Volatility Regime Shift,Alphabet Inc. — NASDAQ,"backtesting.py bundled dataset (Yahoo Finance daily OHLCV, unadjusted)"
226.png,Indicators,EURUSD,2017-08-27 21:00,1 Hour,ATR Volatility Regime Shift,"Euro / U.S. Dollar — FX spot (broker feed, tick volume)","backtesting.py bundled dataset (1H OHLCV; timestamps UTC, verified via session volume)"
227.png,Indicators,002032.SZ,2005-05-23,Daily,OBV Accumulation Signal,Zhejiang Supor — Shenzhen Stock Exchange,stockstats bundled dataset (daily OHLCV)
228.png,Indicators,EURUSD,2017-05-30 08:00,4 Hours,CCI Extreme Re-entry,"Euro / U.S. Dollar — FX spot (broker feed, tick volume)","backtesting.py bundled dataset (1H OHLCV; timestamps UTC, verified via session volume)"
229.png,Indicators,GOOG,2010-04-16,Daily,CCI Extreme Re-entry,Alphabet Inc. — NASDAQ,"backtesting.py bundled dataset (Yahoo Finance daily OHLCV, unadjusted)"
230.png,Indicators,GOOG,2012-02-24,Daily,Chaikin Money Flow Divergence,Alphabet Inc. — NASDAQ,"backtesting.py bundled dataset (Yahoo Finance daily OHLCV, unadjusted)"
231.png,Indicators,GOOG,2011-06-30,Daily,Supertrend Flip,Alphabet Inc. — NASDAQ,"backtesting.py bundled dataset (Yahoo Finance daily OHLCV, unadjusted)"
232.png,Indicators,EURUSD,2017-10-10 08:00,4 Hours,Supertrend Flip,"Euro / U.S. Dollar — FX spot (broker feed, tick volume)","backtesting.py bundled dataset (1H OHLCV; timestamps UTC, verified via session volume)"
233.png,Indicators,GOOG,2011-02-22,Daily,Volume Profile: POC / VAH / VAL,Alphabet Inc. — NASDAQ,"backtesting.py bundled dataset (Yahoo Finance daily OHLCV, unadjusted)"
234.png,Indicators,GOOG,2006-03-21,Daily,Volume Profile: POC / VAH / VAL,Alphabet Inc. — NASDAQ,"backtesting.py bundled dataset (Yahoo Finance daily OHLCV, unadjusted)"
235.png,Indicators,EURUSD,2018-01-04 11:00,1 Hour,Volume Profile: POC / VAH / VAL,"Euro / U.S. Dollar — FX spot (broker feed, tick volume)","backtesting.py bundled dataset (1H OHLCV; timestamps UTC, verified via session volume)"
236.png,Indicators,GOOG,2006-01-20,Daily,Volume Climax / Capitulation,Alphabet Inc. — NASDAQ,"backtesting.py bundled dataset (Yahoo Finance daily OHLCV, unadjusted)"
237.png,Indicators,002032.SZ,2011-10-19,Daily,Volume Climax / Capitulation,Zhejiang Supor — Shenzhen Stock Exchange,stockstats bundled dataset (daily OHLCV)
238.png,Indicators,GOOG,2009-01-02,Weekly,MACD bull Cross,Alphabet Inc. — NASDAQ,"backtesting.py bundled dataset (Yahoo Finance daily OHLCV, unadjusted)"
239.png,Indicators,GOOG,2005-08-12,Weekly,MACD bear Cross,Alphabet Inc. — NASDAQ,"backtesting.py bundled dataset (Yahoo Finance daily OHLCV, unadjusted)"
240.png,Indicators,GOOG,2006-01-27,Weekly,MACD bear Cross,Alphabet Inc. — NASDAQ,"backtesting.py bundled dataset (Yahoo Finance daily OHLCV, unadjusted)"
241.png,Indicators,EURUSD,2017-08-30 00:00,4 Hours,MACD bear Cross,"Euro / U.S. Dollar — FX spot (broker feed, tick volume)","backtesting.py bundled dataset (1H OHLCV; timestamps UTC, verified via session volume)"
242.png,Indicators,EURUSD,2017-05-18 12:00,4 Hours,MACD bear Cross,"Euro / U.S. Dollar — FX spot (broker feed, tick volume)","backtesting.py bundled dataset (1H OHLCV; timestamps UTC, verified via session volume)"
243.png,Indicators,EURUSD,2017-08-24 20:00,4 Hours,MACD bear Cross,"Euro / U.S. Dollar — FX spot (broker feed, tick volume)","backtesting.py bundled dataset (1H OHLCV; timestamps UTC, verified via session volume)"
244.png,Indicators,002032.SZ,2008-04-22,Daily,MACD bull Cross,Zhejiang Supor — Shenzhen Stock Exchange,stockstats bundled dataset (daily OHLCV)
245.png,Indicators,002032.SZ,2008-10-22,Daily,MACD bull Cross,Zhejiang Supor — Shenzhen Stock Exchange,stockstats bundled dataset (daily OHLCV)
246.png,Indicators,002032.SZ,2005-08-29,Daily,MACD bull Cross,Zhejiang Supor — Shenzhen Stock Exchange,stockstats bundled dataset (daily OHLCV)
247.png,Indicators,GOOG,2008-03-12,Daily,MACD bull Cross,Alphabet Inc. — NASDAQ,"backtesting.py bundled dataset (Yahoo Finance daily OHLCV, unadjusted)"
248.png,Indicators,GOOG,2008-02-12,Daily,MACD bull Cross,Alphabet Inc. — NASDAQ,"backtesting.py bundled dataset (Yahoo Finance daily OHLCV, unadjusted)"
249.png,Indicators,GOOG,2008-10-17,Daily,MACD bull Cross,Alphabet Inc. — NASDAQ,"backtesting.py bundled dataset (Yahoo Finance daily OHLCV, unadjusted)"
250.png,Indicators,EURUSD,2017-12-27 21:00,1 Hour,MACD bear Cross,"Euro / U.S. Dollar — FX spot (broker feed, tick volume)","backtesting.py bundled dataset (1H OHLCV; timestamps UTC, verified via session volume)"
251.png,Indicators,EURUSD,2018-01-15 03:00,1 Hour,MACD bear Cross,"Euro / U.S. Dollar — FX spot (broker feed, tick volume)","backtesting.py bundled dataset (1H OHLCV; timestamps UTC, verified via session volume)"
252.png,Indicators,EURUSD,2017-05-31 08:00,1 Hour,MACD bear Cross,"Euro / U.S. Dollar — FX spot (broker feed, tick volume)","backtesting.py bundled dataset (1H OHLCV; timestamps UTC, verified via session volume)"
253.png,Wyckoff,GOOG,2011-10-04,Daily,Wyckoff Spring,Alphabet Inc. — NASDAQ,"backtesting.py bundled dataset (Yahoo Finance daily OHLCV, unadjusted)"
254.png,Wyckoff,GOOG,2010-07-07,Daily,Wyckoff Spring,Alphabet Inc. — NASDAQ,"backtesting.py bundled dataset (Yahoo Finance daily OHLCV, unadjusted)"
255.png,Wyckoff,002032.SZ,2010-01-14,Daily,Wyckoff Spring,Zhejiang Supor — Shenzhen Stock Exchange,stockstats bundled dataset (daily OHLCV)
256.png,Wyckoff,GOOG,2012-01-06,Daily,Wyckoff Upthrust (UTAD),Alphabet Inc. — NASDAQ,"backtesting.py bundled dataset (Yahoo Finance daily OHLCV, unadjusted)"
257.png,Wyckoff,GOOG,2007-07-16,Daily,Wyckoff Upthrust (UTAD),Alphabet Inc. — NASDAQ,"backtesting.py bundled dataset (Yahoo Finance daily OHLCV, unadjusted)"
258.png,Wyckoff,ASML.AS,2010-07-14,Daily,Wyckoff Upthrust (UTAD),ASML Holding — Euronext Amsterdam,stockstats bundled dataset (Yahoo Finance daily OHLCV)
259.png,Wyckoff,002032.SZ,2008-01-16,Daily,Wyckoff Distribution Schematic,Zhejiang Supor — Shenzhen Stock Exchange,stockstats bundled dataset (daily OHLCV)
260.png,Elliott,GOOG,2004-11-30,Daily,Elliott 5-Wave Impulse,Alphabet Inc. — NASDAQ,"backtesting.py bundled dataset (Yahoo Finance daily OHLCV, unadjusted)"
261.png,Elliott,GOOG,2005-06-28,Daily,Elliott 5-Wave Impulse,Alphabet Inc. — NASDAQ,"backtesting.py bundled dataset (Yahoo Finance daily OHLCV, unadjusted)"
262.png,Elliott,002032.SZ,2006-06-28,Daily,Elliott 5-Wave Impulse,Zhejiang Supor — Shenzhen Stock Exchange,stockstats bundled dataset (daily OHLCV)
263.png,Elliott,GOOG,2006-10-17,Daily,A-B-C Correction,Alphabet Inc. — NASDAQ,"backtesting.py bundled dataset (Yahoo Finance daily OHLCV, unadjusted)"
264.png,Elliott,GOOG,2011-04-18,Daily,A-B-C Correction,Alphabet Inc. — NASDAQ,"backtesting.py bundled dataset (Yahoo Finance daily OHLCV, unadjusted)"
265.png,Elliott,EURUSD,2017-08-18 15:00,1 Hour,A-B-C Correction,"Euro / U.S. Dollar — FX spot (broker feed, tick volume)","backtesting.py bundled dataset (1H OHLCV; timestamps UTC, verified via session volume)"
266.png,Elliott,ASML.AS,2011-06-23,Daily,A-B-C Correction,ASML Holding — Euronext Amsterdam,stockstats bundled dataset (Yahoo Finance daily OHLCV)
267.png,Elliott,GOOG,2006-01-11,Daily,Extended Wave 3,Alphabet Inc. — NASDAQ,"backtesting.py bundled dataset (Yahoo Finance daily OHLCV, unadjusted)"
268.png,Elliott,002032.SZ,2015-05-28,Daily,Extended Wave 3,Zhejiang Supor — Shenzhen Stock Exchange,stockstats bundled dataset (daily OHLCV)
269.png,Elliott,GOOG,2008-12-30,Daily,Ending Diagonal,Alphabet Inc. — NASDAQ,"backtesting.py bundled dataset (Yahoo Finance daily OHLCV, unadjusted)"
270.png,Elliott,EURUSD,2017-09-28 08:00,4 Hours,Ending Diagonal,"Euro / U.S. Dollar — FX spot (broker feed, tick volume)","backtesting.py bundled dataset (1H OHLCV; timestamps UTC, verified via session volume)"
271.png,Fibonacci,GOOG,2008-05-23,Daily,Fib Retracement 0.382 Hold,Alphabet Inc. — NASDAQ,"backtesting.py bundled dataset (Yahoo Finance daily OHLCV, unadjusted)"
272.png,Fibonacci,GOOG,2011-11-25,Daily,Fib Retracement 0.382 Hold,Alphabet Inc. — NASDAQ,"backtesting.py bundled dataset (Yahoo Finance daily OHLCV, unadjusted)"
273.png,Fibonacci,EURUSD,2018-01-16 14:00,1 Hour,Fib Retracement 0.382 Hold,"Euro / U.S. Dollar — FX spot (broker feed, tick volume)","backtesting.py bundled dataset (1H OHLCV; timestamps UTC, verified via session volume)"
274.png,Fibonacci,EURUSD,2018-01-22 04:00,4 Hours,Fib Retracement 0.618 Hold,"Euro / U.S. Dollar — FX spot (broker feed, tick volume)","backtesting.py bundled dataset (1H OHLCV; timestamps UTC, verified via session volume)"
275.png,Fibonacci,002032.SZ,2006-06-14,Daily,Fib Retracement 0.382 Hold,Zhejiang Supor — Shenzhen Stock Exchange,stockstats bundled dataset (daily OHLCV)
276.png,Fibonacci,GOOG,2009-05-29,Daily,Fib Extension Targets,Alphabet Inc. — NASDAQ,"backtesting.py bundled dataset (Yahoo Finance daily OHLCV, unadjusted)"
277.png,Fibonacci,EURUSD,2017-12-28 04:00,4 Hours,Fib Extension Targets,"Euro / U.S. Dollar — FX spot (broker feed, tick volume)","backtesting.py bundled dataset (1H OHLCV; timestamps UTC, verified via session volume)"
278.png,Fibonacci,ASML.AS,2012-02-17,Daily,Fib Extension Targets,ASML Holding — Euronext Amsterdam,stockstats bundled dataset (Yahoo Finance daily OHLCV)
279.png,Fibonacci,GOOG,2005-01-24,Daily,Fibonacci Confluence Cluster,Alphabet Inc. — NASDAQ,"backtesting.py bundled dataset (Yahoo Finance daily OHLCV, unadjusted)"
280.png,Fibonacci,EURUSD,2017-06-12 12:00,4 Hours,Fibonacci Confluence Cluster,"Euro / U.S. Dollar — FX spot (broker feed, tick volume)","backtesting.py bundled dataset (1H OHLCV; timestamps UTC, verified via session volume)"
281.png,Fibonacci,GOOG,2004-10-04,Daily,Fibonacci Time Zones,Alphabet Inc. — NASDAQ,"backtesting.py bundled dataset (Yahoo Finance daily OHLCV, unadjusted)"
282.png,Fibonacci,EURUSD,2017-04-27 00:00,4 Hours,Fibonacci Time Zones,"Euro / U.S. Dollar — FX spot (broker feed, tick volume)","backtesting.py bundled dataset (1H OHLCV; timestamps UTC, verified via session volume)"
283.png,Fundamental Analysis,EURUSD,2017-06-14 18:00,1 Hour,FOMC Reaction,"Euro / U.S. Dollar — FX spot (broker feed, tick volume)","backtesting.py bundled dataset (1H OHLCV; timestamps UTC, verified via session volume)"
284.png,Fundamental Analysis,EURUSD,2017-09-20 18:00,1 Hour,FOMC Reaction,"Euro / U.S. Dollar — FX spot (broker feed, tick volume)","backtesting.py bundled dataset (1H OHLCV; timestamps UTC, verified via session volume)"
285.png,Fundamental Analysis,EURUSD,2017-12-13 19:00,1 Hour,FOMC Reaction,"Euro / U.S. Dollar — FX spot (broker feed, tick volume)","backtesting.py bundled dataset (1H OHLCV; timestamps UTC, verified via session volume)"
286.png,Fundamental Analysis,EURUSD,2017-09-07 12:00,1 Hour,ECB Decision Reaction,"Euro / U.S. Dollar — FX spot (broker feed, tick volume)","backtesting.py bundled dataset (1H OHLCV; timestamps UTC, verified via session volume)"
287.png,Fundamental Analysis,EURUSD,2017-10-26 13:00,1 Hour,ECB Decision Reaction,"Euro / U.S. Dollar — FX spot (broker feed, tick volume)","backtesting.py bundled dataset (1H OHLCV; timestamps UTC, verified via session volume)"
288.png,Fundamental Analysis,EURUSD,2017-06-02 12:00,1 Hour,NFP Reaction,"Euro / U.S. Dollar — FX spot (broker feed, tick volume)","backtesting.py bundled dataset (1H OHLCV; timestamps UTC, verified via session volume)"
289.png,Fundamental Analysis,EURUSD,2017-08-04 14:00,1 Hour,NFP Reaction,"Euro / U.S. Dollar — FX spot (broker feed, tick volume)","backtesting.py bundled dataset (1H OHLCV; timestamps UTC, verified via session volume)"
290.png,Fundamental Analysis,EURUSD,2017-09-01 12:00,1 Hour,NFP Reaction,"Euro / U.S. Dollar — FX spot (broker feed, tick volume)","backtesting.py bundled dataset (1H OHLCV; timestamps UTC, verified via session volume)"
291.png,Fundamental Analysis,EURUSD,2017-11-03 12:00,1 Hour,NFP Reaction,"Euro / U.S. Dollar — FX spot (broker feed, tick volume)","backtesting.py bundled dataset (1H OHLCV; timestamps UTC, verified via session volume)"
292.png,Fundamental Analysis,GOOG,2008-04-18,Daily,Earnings Reaction,Alphabet Inc. — NASDAQ,"backtesting.py bundled dataset (Yahoo Finance daily OHLCV, unadjusted)"
293.png,Fundamental Analysis,GOOG,2006-02-01,Daily,Earnings Reaction,Alphabet Inc. — NASDAQ,"backtesting.py bundled dataset (Yahoo Finance daily OHLCV, unadjusted)"
294.png,Fundamental Analysis,GOOG,2010-10-15,Daily,Earnings Reaction,Alphabet Inc. — NASDAQ,"backtesting.py bundled dataset (Yahoo Finance daily OHLCV, unadjusted)"
295.png,Fundamental Analysis,GOOG,2011-07-15,Daily,Earnings Reaction,Alphabet Inc. — NASDAQ,"backtesting.py bundled dataset (Yahoo Finance daily OHLCV, unadjusted)"
296.png,Fundamental Analysis,GOOG,2011-04-15,Daily,Earnings Reaction,Alphabet Inc. — NASDAQ,"backtesting.py bundled dataset (Yahoo Finance daily OHLCV, unadjusted)"
297.png,Fundamental Analysis,US-MACRO,2009-09-30,Quarterly,US Real GDP Growth (YoY),U.S. macro (FRED),statsmodels macrodata
298.png,Fundamental Analysis,US-MACRO,2009-09-30,Quarterly,US CPI Inflation (YoY),U.S. macro (FRED),statsmodels macrodata
299.png,Fundamental Analysis,US-MACRO,2009-09-30,Quarterly,US Policy Rate Cycle (3M T-bill),U.S. macro (FRED),statsmodels macrodata
300.png,Fundamental Analysis,US-MACRO,2009-09-30,Quarterly,US Unemployment Rate,U.S. macro (FRED),statsmodels macrodata
